{
    "8a.sql": [
        [
            1.735915184020996,
            0.2267777919769287,
            1.4390711784362793
        ],
        [
            1.4544823169708252,
            0.2186577320098877,
            1.1726670265197754
        ],
        [
            1.3855628967285156,
            0.21044158935546875,
            1.1113646030426025
        ],
        [
            1.3661470413208008,
            0.20667695999145508,
            1.0985639095306396
        ],
        [
            1.4012534618377686,
            0.20491385459899902,
            1.1328961849212646
        ]
    ],
    "16a.sql": [
        [
            0.25263476371765137,
            0.1400470733642578,
            0.08332037925720215
        ],
        [
            0.20864057540893555,
            0.1386733055114746,
            0.0473172664642334
        ],
        [
            0.20920825004577637,
            0.13899016380310059,
            0.047495126724243164
        ],
        [
            0.20780205726623535,
            0.13759446144104004,
            0.04697680473327637
        ],
        [
            0.2095184326171875,
            0.1390824317932129,
            0.04718828201293945
        ]
    ],
    "2a.sql": [
        [
            0.2957308292388916,
            0.031768798828125,
            0.24115633964538574
        ],
        [
            0.25246620178222656,
            0.030945301055908203,
            0.1988513469696045
        ],
        [
            0.25226807594299316,
            0.03167891502380371,
            0.19713592529296875
        ],
        [
            0.2513241767883301,
            0.03175520896911621,
            0.19631099700927734
        ],
        [
            0.25003957748413086,
            0.031221866607666016,
            0.19642996788024902
        ]
    ],
    "30c.sql": [
        [
            2.613025426864624,
            0.001216888427734375,
            2.556501626968384
        ],
        [
            2.0638532638549805,
            0.0007853507995605469,
            2.0075576305389404
        ],
        [
            2.070049285888672,
            0.0013461112976074219,
            2.009249210357666
        ],
        [
            2.0586345195770264,
            0.0008995532989501953,
            2.0006589889526367
        ],
        [
            2.0624678134918213,
            0.0009005069732666016,
            2.00468111038208
        ]
    ],
    "17e.sql": [
        [
            4.26260232925415,
            0,
            4.23565936088562
        ],
        [
            4.205001592636108,
            0,
            4.180848836898804
        ],
        [
            4.117975473403931,
            0,
            4.093710660934448
        ],
        [
            4.188878536224365,
            0,
            4.164571046829224
        ],
        [
            4.203333616256714,
            0,
            4.1787800788879395
        ]
    ],
    "20a.sql": [
        [
            1.1168341636657715,
            0.21199822425842285,
            0.8349342346191406
        ],
        [
            1.074152946472168,
            0.21316218376159668,
            0.7951219081878662
        ],
        [
            1.0642476081848145,
            0.20616483688354492,
            0.7929232120513916
        ],
        [
            1.0655486583709717,
            0.20712518692016602,
            0.7930202484130859
        ],
        [
            1.0699517726898193,
            0.2042834758758545,
            0.7998776435852051
        ]
    ],
    "26b.sql": [
        [
            0.396496057510376,
            0.2103595733642578,
            0.10767960548400879
        ],
        [
            0.38197946548461914,
            0.2012014389038086,
            0.10282468795776367
        ],
        [
            0.3847372531890869,
            0.2045574188232422,
            0.1026303768157959
        ],
        [
            0.383159875869751,
            0.2025134563446045,
            0.10241866111755371
        ],
        [
            0.38400793075561523,
            0.20268630981445312,
            0.10235166549682617
        ]
    ],
    "12b.sql": [
        [
            0.0283663272857666,
            0.0007822513580322266,
            0.0029993057250976562
        ],
        [
            0.025887012481689453,
            0.000518798828125,
            0.0029332637786865234
        ],
        [
            0.026654958724975586,
            0.0004930496215820312,
            0.002835512161254883
        ],
        [
            0.026833057403564453,
            0.0005295276641845703,
            0.0028786659240722656
        ],
        [
            0.026193857192993164,
            0.0005071163177490234,
            0.002897024154663086
        ]
    ],
    "15b.sql": [
        [
            0.49131202697753906,
            0.43357086181640625,
            0.034713029861450195
        ],
        [
            0.48780083656311035,
            0.4309976100921631,
            0.03305363655090332
        ],
        [
            0.4803621768951416,
            0.42223501205444336,
            0.03270888328552246
        ],
        [
            0.47878289222717285,
            0.42142820358276367,
            0.034136295318603516
        ],
        [
            0.4708099365234375,
            0.41554951667785645,
            0.03236556053161621
        ]
    ],
    "15d.sql": [
        [
            0.509831428527832,
            0,
            0.4857468605041504
        ],
        [
            0.49648070335388184,
            0,
            0.47031402587890625
        ],
        [
            0.4998130798339844,
            0,
            0.4744722843170166
        ],
        [
            0.5049774646759033,
            0,
            0.47773265838623047
        ],
        [
            0.49776601791381836,
            0,
            0.4721825122833252
        ]
    ],
    "10b.sql": [
        [
            0.14627766609191895,
            0,
            0.09715461730957031
        ],
        [
            0.13826608657836914,
            0,
            0.09348917007446289
        ],
        [
            0.13852787017822266,
            0,
            0.09308958053588867
        ],
        [
            0.13753914833068848,
            0,
            0.09131693840026855
        ],
        [
            0.13880109786987305,
            0,
            0.09374189376831055
        ]
    ],
    "15a.sql": [
        [
            0.5806679725646973,
            0.41438817977905273,
            0.14229583740234375
        ],
        [
            0.5802440643310547,
            0.41434454917907715,
            0.14271044731140137
        ],
        [
            0.5736734867095947,
            0.41057682037353516,
            0.1405339241027832
        ],
        [
            0.5840716361999512,
            0.4147028923034668,
            0.1460590362548828
        ],
        [
            0.580885648727417,
            0.4154224395751953,
            0.1421339511871338
        ]
    ],
    "4c.sql": [
        [
            0.10937833786010742,
            0.0003304481506347656,
            0.08515071868896484
        ],
        [
            0.10340285301208496,
            0.00033211708068847656,
            0.0807490348815918
        ],
        [
            0.10351705551147461,
            0.00033020973205566406,
            0.08031082153320312
        ],
        [
            0.10322093963623047,
            0.0003314018249511719,
            0.08022785186767578
        ],
        [
            0.10276961326599121,
            0.0005161762237548828,
            0.08008813858032227
        ]
    ],