{
    "8a.sql": [
        1.026219367980957,
        0.8579318523406982,
        0.8176631927490234,
        0.7945969104766846,
        0.7913215160369873
    ],
    "16a.sql": [
        0.2213137149810791,
        0.13401317596435547,
        0.1325833797454834,
        0.13182330131530762,
        0.13087892532348633
    ],
    "2a.sql": [
        0.4569098949432373,
        0.41007041931152344,
        0.4102187156677246,
        0.40918517112731934,
        0.40771031379699707
    ],
    "30c.sql": [
        2.238560438156128,
        1.804208755493164,
        1.8052313327789307,
        1.7936406135559082,
        1.7958505153656006
    ],
    "17e.sql": [
        9.066915273666382,
        8.73611831665039,
        8.792268753051758,
        8.75667142868042,
        8.736754179000854
    ],
    "20a.sql": [
        2.0340418815612793,
        1.5764720439910889,
        1.5769636631011963,
        1.5636460781097412,
        1.562565565109253
    ],
    "26b.sql": [
        0.14475584030151367,
        0.1343989372253418,
        0.13440513610839844,
        0.1335916519165039,
        0.13419198989868164
    ],
    "12b.sql": [
        0.0771169662475586,
        0.07013106346130371,
        0.07126832008361816,
        0.0703432559967041,
        0.07099580764770508
    ],
    "15b.sql": [
        0.03940153121948242,
        0.031438589096069336,
        0.03313183784484863,
        0.03659963607788086,
        0.0344851016998291
    ],
    "15d.sql": [
        0.5674974918365479,
        0.5459978580474854,
        0.5369837284088135,
        0.5234601497650146,
        0.5156431198120117
    ],
    "10b.sql": [
        0.1742231845855713,
        0.16943669319152832,
        0.16909480094909668,
        0.17191481590270996,
        0.17101597785949707
    ],
    "15a.sql": [
        0.2876467704772949,
        0.2636451721191406,
        0.26522302627563477,
        0.26539063453674316,
        0.2690622806549072
    ],
    "4c.sql": [
        0.08713960647583008,
        0.07707452774047852,
        0.0761573314666748,
        0.07400059700012207,
        0.0738527774810791
    ],
    "4b.sql": [
        0.07285618782043457,
        0.06573057174682617,
        0.06604862213134766,
        0.07030987739562988,
        0.06678009033203125
    ],
    "22b.sql": [
        0.20863962173461914,
        0.19110536575317383,
        0.18955183029174805,
        0.18865394592285156,
        0.18894028663635254
    ],
    "17c.sql": [
        5.148026704788208,
        4.9172375202178955,
        4.927300214767456,
        4.948240280151367,
        4.9206671714782715
    ],
    "24b.sql": [
        0.3542633056640625,
        0.3469069004058838,
        0.35362792015075684,
        0.3499794006347656,
        0.3457341194152832
    ],
    "10a.sql": [
        0.25504374504089355,
        0.26378846168518066,
        0.25498247146606445,
        0.2539787292480469,
        0.25580763816833496
    ],
    "22c.sql": [
        1.896425724029541,
        1.856067419052124,
        1.8525660037994385,
        1.835418462753296,
        1.8419749736785889
    ]
}