{
    "8a.sql": [
        [
            1.7891523838043213,
            0.22720050811767578,
            1.5053019523620605
        ],
        [
            1.5452642440795898,
            0.21017217636108398,
            1.2523000240325928
        ],
        [
            1.4339468479156494,
            0.20419025421142578,
            1.1664001941680908
        ],
        [
            1.5220024585723877,
            0.20049738883972168,
            1.2385704517364502
        ],
        [
            1.4256494045257568,
            0.2021188735961914,
            1.1578130722045898
        ]
    ],
    "16a.sql": [
        [
            0.2470557689666748,
            0.13976168632507324,
            0.07895064353942871
        ],
        [
            0.20288753509521484,
            0.13966798782348633,
            0.039110422134399414
        ],
        [
            0.19954252243041992,
            0.13797640800476074,
            0.038314104080200195
        ],
        [
            0.20002508163452148,
            0.13775372505187988,
            0.038843631744384766
        ],
        [
            0.19946742057800293,
            0.1377723217010498,
            0.038367509841918945
        ]
    ],
    "2a.sql": [
        [
            0.29144883155822754,
            0.03286552429199219,
            0.23474788665771484
        ],
        [
            0.23476099967956543,
            0.031638145446777344,
            0.1798572540283203
        ],
        [
            0.23384881019592285,
            0.030733346939086914,
            0.1799485683441162
        ],
        [
            0.23555970191955566,
            0.0318603515625,
            0.1800084114074707
        ],
        [
            0.23542094230651855,
            0.03098750114440918,
            0.18098807334899902
        ]
    ],
    "30c.sql": [
        [
            2.4577181339263916,
            0.0013005733489990234,
            2.4009716510772705
        ],
        [
            1.9675960540771484,
            0.0009336471557617188,
            1.909287929534912
        ],
        [
            1.960069179534912,
            0.0009131431579589844,
            1.8999295234680176
        ],
        [
            1.9664967060089111,
            0.0008511543273925781,
            1.907625436782837
        ],
        [
            1.9636263847351074,
            0.0009238719940185547,
            1.9035394191741943
        ]
    ],
    "17e.sql": [
        [
            4.192741870880127,
            0,
            4.167239189147949
        ],
        [
            3.898932695388794,
            0,
            3.875328540802002
        ],
        [
            3.844851493835449,
            0,
            3.8209941387176514
        ],
        [
            3.9010391235351562,
            0,
            3.8773279190063477
        ],
        [
            3.875697374343872,
            0,
            3.851372241973877
        ]
    ],
    "20a.sql": [
        [
            1.0322158336639404,
            0.21300792694091797,
            0.7522759437561035
        ],
        [
            0.9885528087615967,
            0.21389293670654297,
            0.709038496017456
        ],
        [
            0.9839150905609131,
            0.21094775199890137,
            0.7071542739868164
        ],
        [
            0.9853105545043945,
            0.20609784126281738,
            0.7109558582305908
        ],
        [
            0.9848062992095947,
            0.20660877227783203,
            0.7090630531311035
        ]
    ],
    "26b.sql": [
        [
            0.3913261890411377,
            0.20758843421936035,
            0.10496401786804199
        ],
        [
            0.38514018058776855,
            0.20900225639343262,
            0.0972294807434082
        ],
        [
            0.37976574897766113,
            0.20399999618530273,
            0.09772205352783203
        ],
        [
            0.37575531005859375,
            0.19987225532531738,
            0.09719133377075195
        ],
        [
            0.3827838897705078,
            0.20480108261108398,
            0.09973621368408203
        ]
    ],
    "12b.sql": [
        [
            0.028843402862548828,
            0.0008046627044677734,
            0.0029838085174560547
        ],
        [
            0.026476383209228516,
            0.0005106925964355469,
            0.0028679370880126953
        ],
        [
            0.025943756103515625,
            0.0004975795745849609,
            0.0028035640716552734
        ],
        [
            0.026379108428955078,
            0.00046324729919433594,
            0.002714395523071289
        ],
        [
            0.026207685470581055,
            0.0005125999450683594,
            0.0028171539306640625
        ]
    ],
    "15b.sql": [
        [
            0.4886207580566406,
            0.43114733695983887,
            0.03513789176940918
        ],
        [
            0.48744678497314453,
            0.43256378173828125,
            0.03187847137451172
        ],
        [
            0.5016355514526367,
            0.4429445266723633,
            0.033768653869628906
        ],
        [
            0.48635268211364746,
            0.43027448654174805,
            0.032003164291381836
        ],
        [
            0.4748110771179199,
            0.4192531108856201,
            0.03211402893066406
        ]
    ],
    "15d.sql": [
        [
            0.5199670791625977,
            0,
            0.4965066909790039
        ],
        [
            0.508624792098999,
            0,
            0.4824860095977783
        ],
        [
            0.5089843273162842,
            0,
            0.48311281204223633
        ],
        [
            0.5083386898040771,
            0,
            0.4828026294708252
        ],
        [
            0.5048799514770508,
            0,
            0.47882580757141113
        ]
    ],
    "10b.sql": [
        [
            0.1572890281677246,
            0,
            0.11046791076660156
        ],
        [
            0.147413969039917,
            0,
            0.10089945793151855
        ],
        [
            0.14795947074890137,
            0,
            0.10066461563110352
        ],
        [
            0.14835667610168457,
            0,
            0.09979104995727539
        ],
        [
            0.14948105812072754,
            0,
            0.09990167617797852
        ]
    ],
    "15a.sql": [
        [
            0.6010277271270752,
            0.4210224151611328,
            0.14826083183288574
        ],
        [
            0.601320743560791,
            0.420945405960083,
            0.15085864067077637
        ],
        [
            0.5945024490356445,
            0.4260997772216797,
            0.1447594165802002
        ],
        [
            0.6082861423492432,
            0.4268488883972168,
            0.15271234512329102
        ],
        [
            0.6033098697662354,
            0.42647337913513184,
            0.15301847457885742
        ]
    ],
    "4c.sql": [
        [
            0.1115572452545166,
            0.0003452301025390625,
            0.07940340042114258
        ],
        [
            0.09874486923217773,
            0.00034618377685546875,
            0.07591390609741211
        ],
        [
            0.09894132614135742,
            0.00035071372985839844,
            0.07611083984375
        ],
        [
            0.09948253631591797,
            0.0003376007080078125,
            0.07592391967773438
        ],
        [
            0.09961724281311035,
            0.00032639503479003906,
            0.07569336891174316
        ]
    ],