{
    "8a.sql": [
        0.9820609092712402,
        0.8794713020324707,
        0.8330161571502686,
        0.8191399574279785,
        0.8291873931884766
    ],
    "16a.sql": [
        0.21151280403137207,
        0.11835503578186035,
        0.11689138412475586,
        0.11740994453430176,
        0.11691951751708984
    ],
    "2a.sql": [
        0.4373452663421631,
        0.3824610710144043,
        0.38367223739624023,
        0.381671667098999,
        0.38204216957092285
    ],
    "30c.sql": [
        1.9642419815063477,
        1.665391445159912,
        1.6428601741790771,
        1.6357464790344238,
        1.6447176933288574
    ],
    "17e.sql": [
        8.375821590423584,
        7.818395376205444,
        7.933582305908203,
        7.880263090133667,
        7.991367340087891
    ],
    "20a.sql": [
        1.6528451442718506,
        1.466923713684082,
        1.4697659015655518,
        1.4652118682861328,
        1.499915361404419
    ],
    "26b.sql": [
        0.1380448341369629,
        0.12824177742004395,
        0.12823963165283203,
        0.1278061866760254,
        0.12755441665649414
    ],
    "12b.sql": [
        0.07735681533813477,
        0.06918883323669434,
        0.07208108901977539,
        0.06845259666442871,
        0.06952071189880371
    ],
    "15b.sql": [
        0.038385629653930664,
        0.034926652908325195,
        0.034363508224487305,
        0.0332026481628418,
        0.035195350646972656
    ],
    "15d.sql": [
        0.566913366317749,
        0.5577757358551025,
        0.530034065246582,
        0.5123419761657715,
        0.5094740390777588
    ],
    "10b.sql": [
        0.19114065170288086,
        0.17927312850952148,
        0.17882537841796875,
        0.1794872283935547,
        0.18192219734191895
    ],
    "15a.sql": [
        0.2775082588195801,
        0.2718212604522705,
        0.27362608909606934,
        0.2691824436187744,
        0.2671632766723633
    ],
    "4c.sql": [
        0.0812520980834961,
        0.07130169868469238,
        0.07013440132141113,
        0.06942057609558105,
        0.06941556930541992
    ],
    "4b.sql": [
        0.07297182083129883,
        0.07195854187011719,
        0.07034754753112793,
        0.0709080696105957,
        0.06895327568054199
    ],
    "22b.sql": [
        0.19275951385498047,
        0.17501282691955566,
        0.1750926971435547,
        0.17493915557861328,
        0.17363834381103516
    ],
    "17c.sql": [
        4.068448305130005,
        4.052323341369629,
        4.000482797622681,
        3.993229627609253,
        4.016434669494629
    ],
    "24b.sql": [
        0.36099958419799805,
        0.34766316413879395,
        0.3540761470794678,
        0.3472003936767578,
        0.3482329845428467
    ],
    "10a.sql": [
        0.2722022533416748,
        0.27503085136413574,
        0.28484487533569336,
        0.28149962425231934,
        0.27738261222839355
    ],
    "22c.sql": [
        1.8473789691925049,
        1.8116052150726318,
        1.8420698642730713,
        1.8106377124786377,
        1.8487904071807861
    ]
}