{
    "10_1_fixed.sql": {
        "actual": 115292,
        "estimated": 54799,
        "estimation diff": "-60493",
        "q-error": 2.103907005602292
    },
    "10_2_fixed.sql": {
        "actual": 114347,
        "estimated": 55420,
        "estimation diff": "-58927",
        "q-error": 2.0632804041862145
    },
    "10_3_fixed.sql": {
        "actual": 114508,
        "estimated": 56551,
        "estimation diff": "-57957",
        "q-error": 2.0248625134834044
    },
    "11_1_fixed.sql": {
        "actual": 30160,
        "estimated": 4706,
        "estimation diff": "-25454",
        "q-error": 6.4088397790055245
    },
    "11_2_fixed.sql": {
        "actual": 33600,
        "estimated": 4706,
        "estimation diff": "-28894",
        "q-error": 7.139821504462389
    },
    "11_3_fixed.sql": {
        "actual": 28960,
        "estimated": 4706,
        "estimation diff": "-24254",
        "q-error": 6.153846153846154
    },
    "12_1_fixed.sql": {
        "actual": 31024,
        "estimated": 29230,
        "estimation diff": "-1794",
        "q-error": 1.061375299349983
    },
    "12_2_fixed.sql": {
        "actual": 31060,
        "estimated": 29162,
        "estimation diff": "-1898",
        "q-error": 1.0650846992661682
    },
    "12_3_fixed.sql": {
        "actual": 30849,
        "estimated": 29071,
        "estimation diff": "-1778",
        "q-error": 1.0611606067902721
    },
    "13_1_fixed.sql": {
        "actual": 150000,
        "estimated": 150000,
        "estimation diff": "+0",
        "q-error": 1.0
    },
    "13_2_fixed.sql": {
        "actual": 150000,
        "estimated": 150000,
        "estimation diff": "+0",
        "q-error": 1.0
    },
    "13_3_fixed.sql": {
        "actual": 150000,
        "estimated": 150000,
        "estimation diff": "+0",
        "q-error": 1.0
    },
    "14_1_fixed.sql": {
        "actual": 74966,
        "estimated": 81206,
        "estimation diff": "+6240",
        "q-error": 1.0832377344396127
    },
    "14_2_fixed.sql": {
        "actual": 77203,
        "estimated": 83635,
        "estimation diff": "+6432",
        "q-error": 1.0833128246311672
    },
    "14_3_fixed.sql": {
        "actual": 77661,
        "estimated": 83001,
        "estimation diff": "+5340",
        "q-error": 1.0687603816587476
    },
    "16_1_fixed.sql": {
        "actual": 119852,
        "estimated": 59179,
        "estimation diff": "-60673",
        "q-error": 2.0252454417952315
    },
    "16_2_fixed.sql": {
        "actual": 119170,
        "estimated": 57398,
        "estimation diff": "-61772",
        "q-error": 2.0762047458099584
    },
    "16_3_fixed.sql": {
        "actual": 119083,
        "estimated": 58330,
        "estimation diff": "-60753",
        "q-error": 2.0415395165438026
    },
    "18_1_fixed.sql": {
        "actual": 63,
        "estimated": 517474,
        "estimation diff": "+517411",
        "q-error": 8213.873015873016
    },
    "18_2_fixed.sql": {
        "actual": 63,
        "estimated": 517474,
        "estimation diff": "+517411",
        "q-error": 8213.873015873016
    },
    "18_3_fixed.sql": {
        "actual": 70,
        "estimated": 517474,
        "estimation diff": "+517404",
        "q-error": 7392.4857142857145
    },
    "19_1_fixed.sql": {
        "actual": 136,
        "estimated": 116,
        "estimation diff": "-20",
        "q-error": 1.1724137931034482
    },
    "19_2_fixed.sql": {
        "actual": 120,
        "estimated": 117,
        "estimation diff": "-3",
        "q-error": 1.0256410256410255
    },
    "19_3_fixed.sql": {
        "actual": 115,
        "estimated": 117,
        "estimation diff": "+2",
        "q-error": 1.017391304347826
    },
    "1_1_fixed.sql": {
        "actual": 1,
        "estimated": 1,
        "estimation diff": "+0",
        "q-error": 1.0
    },
    "1_2_fixed.sql": {
        "actual": 1,
        "estimated": 1,
        "estimation diff": "+0",
        "q-error": 1.0
    },
    "1_3_fixed.sql": {
        "actual": 1,
        "estimated": 1,
        "estimation diff": "+0",
        "q-error": 1.0
    },
    "2_1_fixed.sql": {
        "actual": 496,
        "estimated": 1,
        "estimation diff": "-495",
        "q-error": 496.0
    },
    "2_2_fixed.sql": {
        "actual": 477,
        "estimated": 1,
        "estimation diff": "-476",
        "q-error": 477.0
    },
    "2_3_fixed.sql": {
        "actual": 482,
        "estimated": 1,
        "estimation diff": "-481",
        "q-error": 482.0
    },
    "3_1_fixed.sql": {
        "actual": 30285,
        "estimated": 314989,
        "estimation diff": "+284704",
        "q-error": 10.400825491167245
    },
    "3_2_fixed.sql": {
        "actual": 29979,
        "estimated": 308322,
        "estimation diff": "+278343",
        "q-error": 10.284599219453618
    },
    "3_3_fixed.sql": {
        "actual": 30656,
        "estimated": 312267,
        "estimation diff": "+281611",
        "q-error": 10.1861625782881
    },
    "4_1_fixed.sql": {
        "actual": 52795,
        "estimated": 14115,
        "estimation diff": "-38680",
        "q-error": 3.7403471484236626
    },
    "4_2_fixed.sql": {
        "actual": 52347,
        "estimated": 14863,
        "estimation diff": "-37484",
        "q-error": 3.5219673013523516
    },
    "4_3_fixed.sql": {
        "actual": 51953,
        "estimated": 14940,
        "estimation diff": "-37013",
        "q-error": 3.477443105756359
    },
    "5_1_fixed.sql": {
        "actual": 7540,
        "estimated": 210,
        "estimation diff": "-7330",
        "q-error": 35.904761904761905
    },
    "5_2_fixed.sql": {
        "actual": 7214,
        "estimated": 210,
        "estimation diff": "-7004",
        "q-error": 34.352380952380955
    },
    "5_3_fixed.sql": {
        "actual": 7378,
        "estimated": 210,
        "estimation diff": "-7168",
        "q-error": 35.13333333333333
    },
    "6_1_fixed.sql": {
        "actual": 119208,
        "estimated": 121533,
        "estimation diff": "+2325",
        "q-error": 1.0195037245822427
    },
    "6_2_fixed.sql": {
        "actual": 113818,
        "estimated": 115034,
        "estimation diff": "+1216",
        "q-error": 1.0106837231369379
    },
    "6_3_fixed.sql": {
        "actual": 113660,
        "estimated": 116278,
        "estimation diff": "+2618",
        "q-error": 1.0230336090093262
    },
    "7_1_fixed.sql": {
        "actual": 5765,
        "estimated": 86,
        "estimation diff": "-5679",
        "q-error": 67.03488372093024
    },
    "7_2_fixed.sql": {
        "actual": 6004,
        "estimated": 86,
        "estimation diff": "-5918",
        "q-error": 69.81395348837209
    },
    "7_3_fixed.sql": {
        "actual": 6018,
        "estimated": 86,
        "estimation diff": "-5932",
        "q-error": 69.97674418604652
    },
    "8_1_fixed.sql": {
        "actual": 2511,
        "estimated": 69,
        "estimation diff": "-2442",
        "q-error": 36.391304347826086
    },
    "8_2_fixed.sql": {
        "actual": 2516,
        "estimated": 86,
        "estimation diff": "-2430",
        "q-error": 29.25581395348837
    },
    "8_3_fixed.sql": {
        "actual": 2486,
        "estimated": 69,
        "estimation diff": "-2417",
        "q-error": 36.028985507246375
    },
    "9_1_fixed.sql": {
        "actual": 325638,
        "estimated": 95,
        "estimation diff": "-325543",
        "q-error": 3427.7684210526318
    },
    "9_2_fixed.sql": {
        "actual": 325104,
        "estimated": 119,
        "estimation diff": "-324985",
        "q-error": 2731.9663865546217
    },
    "9_3_fixed.sql": {
        "actual": 326644,
        "estimated": 214,
        "estimation diff": "-326430",
        "q-error": 1526.3738317757009
    }
}