{
    "1.sql": {
        "actual": 715,
        "estimated": 49,
        "estimation diff": "-666",
        "q-error": 14.591836734693878
    },
    "2.sql": {
        "actual": 9,
        "estimated": 1,
        "estimation diff": "-8",
        "q-error": 9.0
    },
    "3.sql": {
        "actual": 47,
        "estimated": 8,
        "estimation diff": "-39",
        "q-error": 5.875
    },
    "4.sql": {
        "actual": 16,
        "estimated": 1,
        "estimation diff": "-15",
        "q-error": 16.0
    },
    "5.sql": {
        "actual": 148552,
        "estimated": 43263,
        "estimation diff": "-105289",
        "q-error": 3.433696230034903
    },
    "6.sql": {
        "actual": 62682281,
        "estimated": 10675936,
        "estimation diff": "-52006345",
        "q-error": 5.871361630493102
    },
    "7.sql": {
        "actual": 11990578,
        "estimated": 4178290,
        "estimation diff": "-7812288",
        "q-error": 2.869733311952976
    },
    "8.sql": {
        "actual": 157041610,
        "estimated": 18454903,
        "estimation diff": "-138586707",
        "q-error": 8.50947902570932
    },
    "9.sql": {
        "actual": 850677,
        "estimated": 332521,
        "estimation diff": "-518156",
        "q-error": 2.5582654930064566
    },
    "10.sql": {
        "actual": 179616,
        "estimated": 130140,
        "estimation diff": "-49476",
        "q-error": 1.3801751959428308
    },
    "11.sql": {
        "actual": 2031666,
        "estimated": 574811,
        "estimation diff": "-1456855",
        "q-error": 3.5344939467059606
    },
    "12.sql": {
        "actual": 6333731,
        "estimated": 3151066,
        "estimation diff": "-3182665",
        "q-error": 2.010028034957059
    },
    "13.sql": {
        "actual": 1931627,
        "estimated": 1233247,
        "estimation diff": "-698380",
        "q-error": 1.5662936946126769
    },
    "14.sql": {
        "actual": 12738515,
        "estimated": 5447075,
        "estimation diff": "-7291440",
        "q-error": 2.3385973205803117
    },
    "15.sql": {
        "actual": 1224,
        "estimated": 560,
        "estimation diff": "-664",
        "q-error": 2.1857142857142855
    },
    "16.sql": {
        "actual": 13221,
        "estimated": 51553,
        "estimation diff": "+38332",
        "q-error": 3.899326828530368
    },
    "17.sql": {
        "actual": 33,
        "estimated": 14,
        "estimation diff": "-19",
        "q-error": 2.357142857142857
    },
    "18.sql": {
        "actual": 1224,
        "estimated": 1937,
        "estimation diff": "+713",
        "q-error": 1.582516339869281
    },
    "19.sql": {
        "actual": 114182642,
        "estimated": 35412678,
        "estimation diff": "-78769964",
        "q-error": 3.224343609370633
    },
    "20.sql": {
        "actual": 4533382,
        "estimated": 4171977,
        "estimation diff": "-361405",
        "q-error": 1.0866267958811853
    },
    "21.sql": {
        "actual": 695701,
        "estimated": 622986,
        "estimation diff": "-72715",
        "q-error": 1.1167201189111793
    },
    "22.sql": {
        "actual": 21454165,
        "estimated": 20067548,
        "estimation diff": "-1386617",
        "q-error": 1.0690974801704722
    },
    "23.sql": {
        "actual": 13355828,
        "estimated": 7397430,
        "estimation diff": "-5958398",
        "q-error": 1.8054686560062077
    },
    "24.sql": {
        "actual": 4450853,
        "estimated": 2746582,
        "estimation diff": "-1704271",
        "q-error": 1.6205061418155366
    },
    "25.sql": {
        "actual": 794591,
        "estimated": 244584,
        "estimation diff": "-550007",
        "q-error": 3.2487448075098944
    },
    "26.sql": {
        "actual": 4893440,
        "estimated": 2966327,
        "estimation diff": "-1927113",
        "q-error": 1.6496630344530459
    },
    "27.sql": {
        "actual": 1381288,
        "estimated": 729099,
        "estimation diff": "-652189",
        "q-error": 1.8945136394371684
    },
    "28.sql": {
        "actual": 8720023,
        "estimated": 5378583,
        "estimation diff": "-3341440",
        "q-error": 1.6212491282555275
    },
    "29.sql": {
        "actual": 2873214,
        "estimated": 2105040,
        "estimation diff": "-768174",
        "q-error": 1.3649213316611561
    },
    "30.sql": {
        "actual": 56965403,
        "estimated": 26000172,
        "estimation diff": "-30965231",
        "q-error": 2.1909625444016294
    },
    "31.sql": {
        "actual": 7153,
        "estimated": 2023,
        "estimation diff": "-5130",
        "q-error": 3.5358378645575876
    },
    "32.sql": {
        "actual": 14102,
        "estimated": 5973,
        "estimation diff": "-8129",
        "q-error": 2.3609576427255985
    },
    "33.sql": {
        "actual": 31339132,
        "estimated": 4234098,
        "estimation diff": "-27105034",
        "q-error": 7.401607615128417
    },
    "34.sql": {
        "actual": 75440,
        "estimated": 12798,
        "estimation diff": "-62642",
        "q-error": 5.894671042350367
    },
    "35.sql": {
        "actual": 72,
        "estimated": 1,
        "estimation diff": "-71",
        "q-error": 72.0
    },
    "36.sql": {
        "actual": 305691,
        "estimated": 48425,
        "estimation diff": "-257266",
        "q-error": 6.312669075890552
    },
    "37.sql": {
        "actual": 1919495,
        "estimated": 73689,
        "estimation diff": "-1845806",
        "q-error": 26.048596126966032
    },
    "38.sql": {
        "actual": 150780,
        "estimated": 17466,
        "estimation diff": "-133314",
        "q-error": 8.63277224321539
    },
    "39.sql": {
        "actual": 3243247,
        "estimated": 111078,
        "estimation diff": "-3132169",
        "q-error": 29.19792398134644
    },
    "40.sql": {
        "actual": 1043763,
        "estimated": 170899,
        "estimation diff": "-872864",
        "q-error": 6.107484537650893
    },
    "41.sql": {
        "actual": 512575801,
        "estimated": 2942223,
        "estimation diff": "-509633578",
        "q-error": 174.21378359152246
    },
    "42.sql": {
        "actual": 206778521,
        "estimated": 1006616,
        "estimation diff": "-205771905",
        "q-error": 205.41946581417344
    },
    "43.sql": {
        "actual": 625302823,
        "estimated": 3745529,
        "estimation diff": "-621557294",
        "q-error": 166.94646417101563
    },
    "44.sql": {
        "actual": 7796926,
        "estimated": 620741,
        "estimation diff": "-7176185",
        "q-error": 12.560675064157193
    },
    "45.sql": {
        "actual": 1831108,
        "estimated": 317368,
        "estimation diff": "-1513740",
        "q-error": 5.769668019460059
    },
    "46.sql": {
        "actual": 2936093,
        "estimated": 1049745,
        "estimation diff": "-1886348",
        "q-error": 2.796958308922643
    },
    "47.sql": {
        "actual": 16461908,
        "estimated": 3952851,
        "estimation diff": "-12509057",
        "q-error": 4.164565777966334
    },
    "48.sql": {
        "actual": 24675801,
        "estimated": 1160219,
        "estimation diff": "-23515582",
        "q-error": 21.26822694680918
    },
    "49.sql": {
        "actual": 132317651,
        "estimated": 8545256,
        "estimation diff": "-123772395",
        "q-error": 15.484340199989328
    },
    "50.sql": {
        "actual": 90649862,
        "estimated": 4661973,
        "estimation diff": "-85987889",
        "q-error": 19.444527456508222
    },
    "51.sql": {
        "actual": 151179813,
        "estimated": 15372725,
        "estimation diff": "-135807088",
        "q-error": 9.834288520740467
    },
    "52.sql": {
        "actual": 84217062,
        "estimated": 9247430,
        "estimation diff": "-74969632",
        "q-error": 9.107077533974305
    },
    "53.sql": {
        "actual": 333474,