{
    "1.sql": {
        "actual": 42209,
        "estimated": 16,
        "estimation diff": "-42193",
        "q-error": 2638.0625
    },
    "10.sql": {
        "actual": 87646,
        "estimated": 68877,
        "estimation diff": "-18769",
        "q-error": 1.2725002540761068
    },
    "11.sql": {
        "actual": 3347,
        "estimated": 2791,
        "estimation diff": "-556",
        "q-error": 1.1992117520601935
    },
    "12.sql": {
        "actual": 53,
        "estimated": 39,
        "estimation diff": "-14",
        "q-error": 1.358974358974359
    },
    "13.sql": {
        "actual": 976694,
        "estimated": 848146,
        "estimation diff": "-128548",
        "q-error": 1.1515635279774945
    },
    "14.sql": {
        "actual": 235447,
        "estimated": 241901,
        "estimation diff": "+6454",
        "q-error": 1.0274116892549066
    },
    "15.sql": {
        "actual": 4637,
        "estimated": 4772,
        "estimation diff": "+135",
        "q-error": 1.0291136510675005
    },
    "2.sql": {
        "actual": 1193001,
        "estimated": 12317,
        "estimation diff": "-1180684",
        "q-error": 96.85808232524154
    },
    "3.sql": {
        "actual": 42209,
        "estimated": 16,
        "estimation diff": "-42193",
        "q-error": 2638.0625
    },
    "4.sql": {
        "actual": 9488,
        "estimated": 4,
        "estimation diff": "-9484",
        "q-error": 2372.0
    },
    "5.sql": {
        "actual": 9488,
        "estimated": 4,
        "estimation diff": "-9484",
        "q-error": 2372.0
    },
    "6.sql": {
        "actual": 490740,
        "estimated": 431998,
        "estimation diff": "-58742",
        "q-error": 1.1359774813772285
    },
    "7.sql": {
        "actual": 94856,
        "estimated": 82448,
        "estimation diff": "-12408",
        "q-error": 1.1504948573646419
    },
    "8.sql": {
        "actual": 11847,
        "estimated": 10227,
        "estimation diff": "-1620",
        "q-error": 1.158404224112643
    },
    "9.sql": {
        "actual": 2199936,
        "estimated": 1810921,
        "estimation diff": "-389015",
        "q-error": 1.2148161073840327
    }
}