{
    "1.sql": {
        "actual": 715,
        "estimated": 1499.3375176635864,
        "estimation diff": "+784.3375176635864",
        "q-error": 2.096975549179841
    },
    "2.sql": {
        "actual": 9,
        "estimated": 8.603748759353861,
        "estimation diff": "-0.3962512406461389",
        "q-error": 1.0460556498950926
    },
    "3.sql": {
        "actual": 47,
        "estimated": 125.86278364687408,
        "estimation diff": "+78.86278364687408",
        "q-error": 2.6779315669547676
    },
    "4.sql": {
        "actual": 16,
        "estimated": 24.19202439532824,
        "estimation diff": "+8.19202439532824",
        "q-error": 1.512001524708015
    },
    "5.sql": {
        "actual": 148552,
        "estimated": 141954.4457937197,
        "estimation diff": "-6597.5542062803",
        "q-error": 1.046476559218635
    },
    "6.sql": {
        "actual": 62682311,
        "estimated": 56794950.24366329,
        "estimation diff": "-5887360.756336711",
        "q-error": 1.1036599333405275
    },
    "7.sql": {
        "actual": 11990578,
        "estimated": 11134208.201192576,
        "estimation diff": "-856369.7988074236",
        "q-error": 1.076913399079038
    },
    "8.sql": {
        "actual": 157041640,
        "estimated": 152620456.03674686,
        "estimation diff": "-4421183.96325314",
        "q-error": 1.0289684887469386
    },
    "9.sql": {
        "actual": 850677,
        "estimated": 639980.6840675786,
        "estimation diff": "-210696.31593242136",
        "q-error": 1.3292229299692004
    },
    "10.sql": {
        "actual": 179616,
        "estimated": 145815.64642752,
        "estimation diff": "-33800.35357248",
        "q-error": 1.2318019663910416
    },
    "11.sql": {
        "actual": 2031666,
        "estimated": 1463964.689651277,
        "estimation diff": "-567701.3103487231",
        "q-error": 1.3877834720753763
    },
    "12.sql": {
        "actual": 6333736,
        "estimated": 6136324.502356433,
        "estimation diff": "-197411.4976435667",
        "q-error": 1.0321709677458808
    },
    "13.sql": {
        "actual": 1931628,
        "estimated": 1934928.098461773,
        "estimation diff": "+3300.0984617730137",
        "q-error": 1.001708454454881
    },
    "14.sql": {
        "actual": 12738520,
        "estimated": 12244807.630320972,
        "estimation diff": "-493712.36967902817",
        "q-error": 1.0403201409597063
    },
    "15.sql": {
        "actual": 1224,
        "estimated": 30.942431631413736,
        "estimation diff": "-1193.0575683685863",
        "q-error": 39.55733067718428
    },
    "16.sql": {
        "actual": 13221,
        "estimated": 24017.614480574786,
        "estimation diff": "+10796.614480574786",
        "q-error": 1.8166261614533534
    },
    "17.sql": {
        "actual": 33,
        "estimated": 1.0,
        "estimation diff": "-32.0",
        "q-error": 33.0
    },
    "18.sql": {
        "actual": 1224,
        "estimated": 230.46814373289368,
        "estimation diff": "-993.5318562671064",
        "q-error": 5.310929225075821
    },
    "19.sql": {
        "actual": 114182642,
        "estimated": 71859827.8970777,
        "estimation diff": "-42322814.102922305",
        "q-error": 1.5889634771118544
    },
    "20.sql": {
        "actual": 4533382,
        "estimated": 4505367.714793141,
        "estimation diff": "-28014.285206859",
        "q-error": 1.0062179797477742
    },
    "21.sql": {
        "actual": 695701,
        "estimated": 692248.4627292914,
        "estimation diff": "-3452.5372707085917",
        "q-error": 1.004987424973248
    },
    "22.sql": {
        "actual": 21454165,
        "estimated": 21310516.9400702,
        "estimation diff": "-143648.0599297993",
        "q-error": 1.0067407121250869
    },
    "23.sql": {
        "actual": 13355828,
        "estimated": 14248489.13973733,
        "estimation diff": "+892661.1397373304",
        "q-error": 1.0668368250727196
    },
    "24.sql": {
        "actual": 4450853,
        "estimated": 5575023.519304579,
        "estimation diff": "+1124170.5193045791",
        "q-error": 1.2525741738279335
    },
    "25.sql": {
        "actual": 794591,
        "estimated": 507627.36540009995,
        "estimation diff": "-286963.63459990005",
        "q-error": 1.565303713234061
    },
    "26.sql": {
        "actual": 4893440,
        "estimated": 5833753.930725472,
        "estimation diff": "+940313.930725472",
        "q-error": 1.192158058691937
    },
    "27.sql": {
        "actual": 1381288,
        "estimated": 1559951.25882328,
        "estimation diff": "+178663.25882328",
        "q-error": 1.1293454072020317
    },
    "28.sql": {
        "actual": 8720023,
        "estimated": 10075678.285936713,
        "estimation diff": "+1355655.2859367132",
        "q-error": 1.1554646456708557
    },
    "29.sql": {
        "actual": 2873214,
        "estimated": 3606693.483375841,
        "estimation diff": "+733479.4833758408",
        "q-error": 1.255281884111605
    },
    "30.sql": {
        "actual": 56965403,
        "estimated": 33476805.109853104,
        "estimation diff": "-23488597.890146896",
        "q-error": 1.7016379792835603
    },
    "31.sql": {
        "actual": 7153,
        "estimated": 4408.609897156247,
        "estimation diff": "-2744.390102843753",
        "q-error": 1.6225069050936007
    },
    "32.sql": {
        "actual": 14102,
        "estimated": 11300.680462638456,
        "estimation diff": "-2801.3195373615436",
        "q-error": 1.2478894564467224
    },
    "33.sql": {
        "actual": 31339132,
        "estimated": 28731201.712085593,
        "estimation diff": "-2607930.2879144065",
        "q-error": 1.0907699689713082
    },
    "34.sql": {
        "actual": 75440,
        "estimated": 65007.66564396298,
        "estimation diff": "-10432.33435603702",
        "q-error": 1.1604785259199017
    },
    "35.sql": {
        "actual": 72,
        "estimated": 1.0,
        "estimation diff": "-71.0",
        "q-error": 72.0
    },
    "36.sql": {
        "actual": 305691,
        "estimated": 242189.28966429603,
        "estimation diff": "-63501.710335703974",
        "q-error": 1.2621986728798995
    },
    "37.sql": {
        "actual": 1919495,
        "estimated": 1698362.3807110994,
        "estimation diff": "-221132.61928890063",
        "q-error": 1.1302034370287413
    },
    "38.sql": {
        "actual": 150780,
        "estimated": 378073.3937911357,
        "estimation diff": "+227293.3937911357",
        "q-error": 2.507450549085659
    },
    "39.sql": {
        "actual": 3243247,
        "estimated": 5635347.898983908,
        "estimation diff": "+2392100.898983908",
        "q-error": 1.7375635895088803
    },
    "40.sql": {
        "actual": 1043763,
        "estimated": 2053622.5642425346,
        "estimation diff": "+1009859.5642425346",
        "q-error": 1.9675180709054974
    },
    "41.sql": {
        "actual": 512575801,
        "estimated": 380141225.0620159,
        "estimation diff": "-132434575.93798411",
        "q-error": 1.3483825673376488
    },
    "42.sql": {
        "actual": 206778521,
        "estimated": 125927838.06886476,
        "estimation diff": "-80850682.93113524",
        "q-error": 1.6420397917648781
    },
    "43.sql": {
        "actual": 625302823,
        "estimated": 523917420.33192337,
        "estimation diff": "-101385402.66807663",
        "q-error": 1.19351408968964
    },
    "44.sql": {
        "actual": 7796926,
        "estimated": 12367930.708493005,
        "estimation diff": "+4571004.7084930055",
        "q-error": 1.5862572901798742
    },
    "45.sql": {
        "actual": 1831108,
        "estimated": 1726235.5109772282,
        "estimation diff": "-104872.48902277183",
        "q-error": 1.0607521328091571
    },
    "46.sql": {
        "actual": 2936093,
        "estimated": 3031806.770375207,
        "estimation diff": "+95713.77037520707",