{
    "1.sql": {
        "actual": 715,
        "estimated": 1495.238308,
        "estimation diff": "+780.238308",
        "q-error": 2.091242388811189
    },
    "2.sql": {
        "actual": 9,
        "estimated": 3.916146641,
        "estimation diff": "-5.083853359",
        "q-error": 2.298177475218809
    },
    "3.sql": {
        "actual": 47,
        "estimated": 114.69405619999999,
        "estimation diff": "+67.69405619999999",
        "q-error": 2.440299068085106
    },
    "4.sql": {
        "actual": 16,
        "estimated": 10.98334055,
        "estimation diff": "-5.016659450000001",
        "q-error": 1.456751698371039
    },
    "5.sql": {
        "actual": 148552,
        "estimated": 40590.56398,
        "estimation diff": "-107961.43602",
        "q-error": 3.659766838253229
    },
    "6.sql": {
        "actual": 62682311,
        "estimated": 62731528.5,
        "estimation diff": "+49217.5",
        "q-error": 1.000785189620721
    },
    "7.sql": {
        "actual": 11990578,
        "estimated": 15850598.63,
        "estimation diff": "+3860020.630000001",
        "q-error": 1.3219211475877144
    },
    "8.sql": {
        "actual": 157041640,
        "estimated": 158598311.8,
        "estimation diff": "+1556671.800000012",
        "q-error": 1.009912477989914
    },
    "9.sql": {
        "actual": 850677,
        "estimated": 300958.6928,
        "estimation diff": "-549718.3071999999",
        "q-error": 2.8265573327875644
    },
    "10.sql": {
        "actual": 179616,
        "estimated": 91576.23965,
        "estimation diff": "-88039.76035",
        "q-error": 1.961382130195384
    },
    "11.sql": {
        "actual": 2031666,
        "estimated": 680379.7977,
        "estimation diff": "-1351286.2023",
        "q-error": 2.986076316298596
    },
    "12.sql": {
        "actual": 6333736,
        "estimated": 6085390.977999999,
        "estimation diff": "-248345.0220000008",
        "q-error": 1.0408100355257077
    },
    "13.sql": {
        "actual": 1931628,
        "estimated": 1745247.986,
        "estimation diff": "-186380.01399999997",
        "q-error": 1.1067928543651675
    },
    "14.sql": {
        "actual": 12738520,
        "estimated": 12565805.35,
        "estimation diff": "-172714.65000000037",
        "q-error": 1.0137448134193803
    },
    "15.sql": {
        "actual": 1224,
        "estimated": 57.66365851,
        "estimation diff": "-1166.33634149",
        "q-error": 21.2265407993101
    },
    "16.sql": {
        "actual": 13221,
        "estimated": 19195.9452,
        "estimation diff": "+5974.945199999998",
        "q-error": 1.45192838665759
    },
    "17.sql": {
        "actual": 33,
        "estimated": 0.051076987000000004,
        "estimation diff": "-32.948923013",
        "q-error": 646.0835287719692
    },
    "18.sql": {
        "actual": 1224,
        "estimated": 310.9098512,
        "estimation diff": "-913.0901488",
        "q-error": 3.936832478211292
    },
    "19.sql": {
        "actual": 114182642,
        "estimated": 116847308.7,
        "estimation diff": "+2664666.700000003",
        "q-error": 1.0233368807493524
    },
    "20.sql": {
        "actual": 4533382,
        "estimated": 4852577.52,
        "estimation diff": "+319195.51999999955",
        "q-error": 1.0704100205983083
    },
    "21.sql": {
        "actual": 695701,
        "estimated": 803668.8257,
        "estimation diff": "+107967.82570000004",
        "q-error": 1.1551928568451102
    },
    "22.sql": {
        "actual": 21454165,
        "estimated": 21326320.58,
        "estimation diff": "-127844.42000000179",
        "q-error": 1.0059946777748383
    },
    "23.sql": {
        "actual": 13355828,
        "estimated": 6169862.876,
        "estimation diff": "-7185965.124",
        "q-error": 2.164687979039617
    },
    "24.sql": {
        "actual": 4450853,
        "estimated": 2261284.841,
        "estimation diff": "-2189568.159",
        "q-error": 1.9682849852881492
    },
    "25.sql": {
        "actual": 794591,
        "estimated": 229341.06,
        "estimation diff": "-565249.94",
        "q-error": 3.4646696060443776
    },
    "26.sql": {
        "actual": 4893440,
        "estimated": 3718203.4239999996,
        "estimation diff": "-1175236.5760000004",
        "q-error": 1.3160764600490025
    },
    "27.sql": {
        "actual": 1381288,
        "estimated": 1008311.834,
        "estimation diff": "-372976.16599999997",
        "q-error": 1.3699016052607391
    },
    "28.sql": {
        "actual": 8720023,
        "estimated": 6327456.865,
        "estimation diff": "-2392566.135",
        "q-error": 1.3781244481071622
    },
    "29.sql": {
        "actual": 2873214,
        "estimated": 2199522.775,
        "estimation diff": "-673691.2250000001",
        "q-error": 1.3062897245971914
    },
    "30.sql": {
        "actual": 56965403,
        "estimated": 33028804.24,
        "estimation diff": "-23936598.76",
        "q-error": 1.7247189025090786
    },
    "31.sql": {
        "actual": 7153,
        "estimated": 7977.188571,
        "estimation diff": "+824.1885709999997",
        "q-error": 1.115222783587306
    },
    "32.sql": {
        "actual": 14102,
        "estimated": 21737.27779,
        "estimation diff": "+7635.27779",
        "q-error": 1.5414322642178415
    },
    "33.sql": {
        "actual": 31339132,
        "estimated": 19186433.32,
        "estimation diff": "-12152698.68",
        "q-error": 1.6334006158055436
    },
    "34.sql": {
        "actual": 75440,
        "estimated": 76776.14364,
        "estimation diff": "+1336.1436399999948",
        "q-error": 1.0177113419936372
    },
    "35.sql": {
        "actual": 72,
        "estimated": 6.21856486,
        "estimation diff": "-65.78143514",
        "q-error": 11.578234145812223
    },
    "36.sql": {
        "actual": 305691,
        "estimated": 296435.0684,
        "estimation diff": "-9255.93160000001",
        "q-error": 1.031224145138963
    },
    "37.sql": {
        "actual": 1919495,
        "estimated": 1781547.6930000002,
        "estimation diff": "-137947.3069999998",
        "q-error": 1.0774311614233052
    },
    "38.sql": {
        "actual": 150780,
        "estimated": 230293.92899999997,
        "estimation diff": "+79513.92899999997",
        "q-error": 1.527350636689216
    },
    "39.sql": {
        "actual": 3243247,
        "estimated": 3065247.982,
        "estimation diff": "-177999.01800000016",
        "q-error": 1.0580700220814958
    },
    "40.sql": {
        "actual": 1043763,
        "estimated": 1150424.262,
        "estimation diff": "+106661.2620000001",
        "q-error": 1.1021891578835425
    },
    "41.sql": {
        "actual": 512575801,
        "estimated": 345615638.2,
        "estimation diff": "-166960162.8",
        "q-error": 1.48308046380524
    },
    "42.sql": {
        "actual": 206778521,
        "estimated": 138955446.3,
        "estimation diff": "-67823074.69999999",
        "q-error": 1.4880922375188685
    },
    "43.sql": {
        "actual": 625302823,
        "estimated": 495819688.5,
        "estimation diff": "-129483134.5",
        "q-error": 1.261149642709277
    },
    "44.sql": {
        "actual": 7796926,
        "estimated": 2914786.916,
        "estimation diff": "-4882139.084",
        "q-error": 2.6749557428025725
    },
    "45.sql": {
        "actual": 1831108,
        "estimated": 1863335.29,
        "estimation diff": "+32227.290000000037",
        "q-error": 1.017599884878445
    },
    "46.sql": {
        "actual": 2936093,
        "estimated": 3496331.3419999997,
        "estimation diff": "+560238.3419999997",
        "q-error": 1.1908108299021862
    },
    "47.sql": {
        "actual": 16461908,
        "estimated": 16057383.59,
        "estimation diff": "-404524.41000000015",
        "q-error": 1.0251924236431598
    },
    "48.sql": {
        "actual": 24675801,
        "estimated": 27502993.27,