{
    "1.sql": {
        "actual": 715,
        "estimated": 993.2436431713563,
        "estimation diff": "+278.2436431713563",
        "q-error": 1.3891519484914074
    },
    "2.sql": {
        "actual": 9,
        "estimated": 2.2838230870099863,
        "estimation diff": "-6.716176912990013",
        "q-error": 3.940760583072539
    },
    "3.sql": {
        "actual": 47,
        "estimated": 13.751744047911629,
        "estimation diff": "-33.24825595208837",
        "q-error": 3.41774831150508
    },
    "4.sql": {
        "actual": 16,
        "estimated": 4.6913346615014255,
        "estimation diff": "-11.308665338498574",
        "q-error": 3.4105433004601133
    },
    "5.sql": {
        "actual": 148552,
        "estimated": 219795.6003193557,
        "estimation diff": "+71243.6003193557",
        "q-error": 1.4795869481350348
    },
    "6.sql": {
        "actual": 62682311,
        "estimated": 44721171.74852371,
        "estimation diff": "-17961139.251476288",
        "q-error": 1.401624969767685
    },
    "7.sql": {
        "actual": 11990578,
        "estimated": 9449696.946711542,
        "estimation diff": "-2540881.053288458",
        "q-error": 1.2688849248411798
    },
    "8.sql": {
        "actual": 157041640,
        "estimated": 106032491.36470792,
        "estimation diff": "-51009148.63529208",
        "q-error": 1.481070924381487
    },
    "9.sql": {
        "actual": 850677,
        "estimated": 388840.5222287774,
        "estimation diff": "-461836.4777712226",
        "q-error": 2.187727233581631
    },
    "10.sql": {
        "actual": 179616,
        "estimated": 127555.47729969026,
        "estimation diff": "-52060.52270030974",
        "q-error": 1.4081402367222073
    },
    "11.sql": {
        "actual": 2031666,
        "estimated": 800114.2768664779,
        "estimation diff": "-1231551.723133522",
        "q-error": 2.539219782399961
    },
    "12.sql": {
        "actual": 6333736,
        "estimated": 6143700.113524914,
        "estimation diff": "-190035.8864750862",
        "q-error": 1.0309318298360195
    },
    "13.sql": {
        "actual": 1931628,
        "estimated": 2036979.897125721,
        "estimation diff": "+105351.89712572098",
        "q-error": 1.054540469037372
    },
    "14.sql": {
        "actual": 12738520,
        "estimated": 11952266.532883644,
        "estimation diff": "-786253.4671163559",
        "q-error": 1.0657827923225422
    },
    "15.sql": {
        "actual": 1224,
        "estimated": 31.226480269251624,
        "estimation diff": "-1192.7735197307484",
        "q-error": 39.197501269627864
    },
    "16.sql": {
        "actual": 13221,
        "estimated": 24888.96696572192,
        "estimation diff": "+11667.96696572192",
        "q-error": 1.8825328617897223
    },
    "17.sql": {
        "actual": 33,
        "estimated": 1.0,
        "estimation diff": "-32.0",
        "q-error": 33.0
    },
    "18.sql": {
        "actual": 1224,
        "estimated": 232.41692894305743,
        "estimation diff": "-991.5830710569426",
        "q-error": 5.266397785937023
    },
    "19.sql": {
        "actual": 114182642,
        "estimated": 72242861.89523698,
        "estimation diff": "-41939780.104763016",
        "q-error": 1.5805387411919258
    },
    "20.sql": {
        "actual": 4533382,
        "estimated": 5009687.188430786,
        "estimation diff": "+476305.18843078613",
        "q-error": 1.105066193060895
    },
    "21.sql": {
        "actual": 695701,
        "estimated": 942916.2698162198,
        "estimation diff": "+247215.2698162198",
        "q-error": 1.3553470094425908
    },
    "22.sql": {
        "actual": 21454165,
        "estimated": 23580447.651672363,
        "estimation diff": "+2126282.6516723633",
        "q-error": 1.0991081522712427
    },
    "23.sql": {
        "actual": 13355828,
        "estimated": 16330346.814760925,
        "estimation diff": "+2974518.8147609252",
        "q-error": 1.222713171715069
    },
    "24.sql": {
        "actual": 4450853,
        "estimated": 5983909.628503918,
        "estimation diff": "+1533056.6285039177",
        "q-error": 1.344441083204482
    },
    "25.sql": {
        "actual": 794591,
        "estimated": 605002.4541076273,
        "estimation diff": "-189588.54589237273",
        "q-error": 1.3133682262033366
    },
    "26.sql": {
        "actual": 4893440,
        "estimated": 6178512.8075180035,
        "estimation diff": "+1285072.8075180035",
        "q-error": 1.2626113342593357
    },
    "27.sql": {
        "actual": 1381288,
        "estimated": 2549597.016374588,
        "estimation diff": "+1168309.016374588",
        "q-error": 1.8458113126115538
    },
    "28.sql": {
        "actual": 8720023,
        "estimated": 10504987.6772182,
        "estimation diff": "+1784964.6772182006",
        "q-error": 1.2046972441722001
    },
    "29.sql": {
        "actual": 2873214,
        "estimated": 3623664.565959334,
        "estimation diff": "+750450.5659593339",
        "q-error": 1.2611885386745763
    },
    "30.sql": {
        "actual": 56965403,
        "estimated": 56091272.62144089,
        "estimation diff": "-874130.3785591125",
        "q-error": 1.0155840710632222
    },
    "31.sql": {
        "actual": 7153,
        "estimated": 8974.1092445746,
        "estimation diff": "+1821.1092445745999",
        "q-error": 1.2545937710855026
    },
    "32.sql": {
        "actual": 14102,
        "estimated": 28337.650356472237,
        "estimation diff": "+14235.650356472237",
        "q-error": 2.009477404373297
    },
    "33.sql": {
        "actual": 31339132,
        "estimated": 21341422.849187847,
        "estimation diff": "-9997709.150812153",
        "q-error": 1.4684649763730546
    },
    "34.sql": {
        "actual": 75440,
        "estimated": 145274.91137765287,
        "estimation diff": "+69834.91137765287",
        "q-error": 1.9257013703294388
    },
    "35.sql": {
        "actual": 72,
        "estimated": 6.472458750753317,
        "estimation diff": "-65.52754124924668",
        "q-error": 11.12405698863976
    },
    "36.sql": {
        "actual": 305691,
        "estimated": 438248.49233310507,
        "estimation diff": "+132557.49233310507",
        "q-error": 1.4336323029893097
    },
    "37.sql": {
        "actual": 1919495,
        "estimated": 1221974.8121434294,
        "estimation diff": "-697520.1878565706",
        "q-error": 1.5708138833345273
    },
    "38.sql": {
        "actual": 150780,
        "estimated": 296970.2062927221,
        "estimation diff": "+146190.20629272208",
        "q-error": 1.9695596650266751
    },
    "39.sql": {
        "actual": 3243247,
        "estimated": 3523475.996073643,
        "estimation diff": "+280228.9960736432",
        "q-error": 1.0864038403715917
    },
    "40.sql": {
        "actual": 1043763,
        "estimated": 1304361.1622822674,
        "estimation diff": "+260598.16228226735",
        "q-error": 1.2496717763345389
    },
    "41.sql": {
        "actual": 512575801,
        "estimated": 335803582.7190399,
        "estimation diff": "-176772218.28096008",
        "q-error": 1.526415521983462
    },
    "42.sql": {
        "actual": 206778521,
        "estimated": 147520107.24391937,
        "estimation diff": "-59258413.75608063",
        "q-error": 1.4016971981866777
    },
    "43.sql": {
        "actual": 625302823,
        "estimated": 478446441.12672114,
        "estimation diff": "-146856381.87327886",
        "q-error": 1.3069442454780065
    },
    "44.sql": {
        "actual": 7796926,
        "estimated": 19378777.07218647,
        "estimation diff": "+11581851.07218647",
        "q-error": 2.4854381165329094
    },
    "45.sql": {
        "actual": 1831108,
        "estimated": 1820494.0598775959,
        "estimation diff": "-10613.940122404136",
        "q-error": 1.0058302525431573
    },
    "46.sql": {
        "actual": 2936093,
        "estimated": 3583298.710923646,