{
    "1.sql": {
        "actual": 715,
        "estimated": 4827,
        "estimation diff": "+4112",
        "q-error": 6.751048951048951
    },
    "2.sql": {
        "actual": 9,
        "estimated": 904,
        "estimation diff": "+895",
        "q-error": 100.44444444444444
    },
    "3.sql": {
        "actual": 47,
        "estimated": 745,
        "estimation diff": "+698",
        "q-error": 15.851063829787234
    },
    "4.sql": {
        "actual": 16,
        "estimated": 2596,
        "estimation diff": "+2580",
        "q-error": 162.25
    },
    "5.sql": {
        "actual": 148552,
        "estimated": 331480,
        "estimation diff": "+182928",
        "q-error": 2.2314071840163714
    },
    "6.sql": {
        "actual": 62682311,
        "estimated": 97928800,
        "estimation diff": "+35246489",
        "q-error": 1.5623035979002113
    },
    "7.sql": {
        "actual": 11990578,
        "estimated": 38270800,
        "estimation diff": "+26280222",
        "q-error": 3.191739380703749
    },
    "8.sql": {
        "actual": 157041640,
        "estimated": 169956000,
        "estimation diff": "+12914360",
        "q-error": 1.0822352593872555
    },
    "9.sql": {
        "actual": 850677,
        "estimated": 5716720,
        "estimation diff": "+4866043",
        "q-error": 6.720200499131868
    },
    "10.sql": {
        "actual": 179616,
        "estimated": 2234110,
        "estimation diff": "+2054494",
        "q-error": 12.438257170853376
    },
    "11.sql": {
        "actual": 2031666,
        "estimated": 9921410,
        "estimation diff": "+7889744",
        "q-error": 4.883386344015207
    },
    "12.sql": {
        "actual": 6333736,
        "estimated": 24103500,
        "estimation diff": "+17769764",
        "q-error": 3.805573835095116
    },
    "13.sql": {
        "actual": 1931628,
        "estimated": 9419700,
        "estimation diff": "+7488072",
        "q-error": 4.876560082997347
    },
    "14.sql": {
        "actual": 12738520,
        "estimated": 41831800,
        "estimation diff": "+29093280",
        "q-error": 3.2838822720378817
    },
    "15.sql": {
        "actual": 1224,
        "estimated": 732,
        "estimation diff": "-492",
        "q-error": 1.6721311475409837
    },
    "16.sql": {
        "actual": 13221,
        "estimated": 55418,
        "estimation diff": "+42197",
        "q-error": 4.191664775735572
    },
    "17.sql": {
        "actual": 33,
        "estimated": 55,
        "estimation diff": "+22",
        "q-error": 1.6666666666666667
    },
    "18.sql": {
        "actual": 1224,
        "estimated": 2551,
        "estimation diff": "+1327",
        "q-error": 2.0841503267973858
    },
    "19.sql": {
        "actual": 114182642,
        "estimated": 66185700,
        "estimation diff": "-47996942",
        "q-error": 1.7251859842836141
    },
    "20.sql": {
        "actual": 4533382,
        "estimated": 7645150,
        "estimation diff": "+3111768",
        "q-error": 1.686412042929539
    },
    "21.sql": {
        "actual": 695701,
        "estimated": 1275360,
        "estimation diff": "+579659",
        "q-error": 1.8332013321814975
    },
    "22.sql": {
        "actual": 21454165,
        "estimated": 19889500,
        "estimation diff": "-1564665",
        "q-error": 1.0786678900927624
    },
    "23.sql": {
        "actual": 13355828,
        "estimated": 14414200,
        "estimation diff": "+1058372",
        "q-error": 1.0792442070982047
    },
    "24.sql": {
        "actual": 4450853,
        "estimated": 6208900,
        "estimation diff": "+1758047",
        "q-error": 1.3949910275625819
    },
    "25.sql": {
        "actual": 794591,
        "estimated": 428374,
        "estimation diff": "-366217",
        "q-error": 1.8549001573391475
    },
    "26.sql": {
        "actual": 4893440,
        "estimated": 10802300,
        "estimation diff": "+5908860",
        "q-error": 2.2075063758828146
    },
    "27.sql": {
        "actual": 1381288,
        "estimated": 2714940,
        "estimation diff": "+1333652",
        "q-error": 1.9655133469631243
    },
    "28.sql": {
        "actual": 8720023,
        "estimated": 18526000,
        "estimation diff": "+9805977",
        "q-error": 2.1245356806971727
    },
    "29.sql": {
        "actual": 2873214,
        "estimated": 7240020,
        "estimation diff": "+4366806",
        "q-error": 2.519833190287949
    },
    "30.sql": {
        "actual": 56965403,
        "estimated": 48675500,
        "estimation diff": "-8289903",
        "q-error": 1.1703095602510503
    },
    "31.sql": {
        "actual": 7153,
        "estimated": 14639,
        "estimation diff": "+7486",
        "q-error": 2.0465538934712706
    },
    "32.sql": {
        "actual": 14102,
        "estimated": 43540,
        "estimation diff": "+29438",
        "q-error": 3.087505318394554
    },
    "33.sql": {
        "actual": 31339132,
        "estimated": 31836600,
        "estimation diff": "+497468",
        "q-error": 1.0158737006500371
    },
    "34.sql": {
        "actual": 75440,
        "estimated": 1039740,
        "estimation diff": "+964300",
        "q-error": 13.782343584305409
    },
    "35.sql": {
        "actual": 72,
        "estimated": 3223,
        "estimation diff": "+3151",
        "q-error": 44.763888888888886
    },
    "36.sql": {
        "actual": 305691,
        "estimated": 3897440,
        "estimation diff": "+3591749",
        "q-error": 12.749606628916128
    },
    "37.sql": {
        "actual": 1919495,
        "estimated": 5740620,
        "estimation diff": "+3821125",
        "q-error": 2.9906928645294726
    },
    "38.sql": {
        "actual": 150780,
        "estimated": 44565800,
        "estimation diff": "+44415020",
        "q-error": 295.56837776893485
    },
    "39.sql": {
        "actual": 3243247,
        "estimated": 15819800,
        "estimation diff": "+12576553",
        "q-error": 4.877766016587698
    },
    "40.sql": {
        "actual": 1043763,
        "estimated": 23905600,
        "estimation diff": "+22861837",
        "q-error": 22.903283599821034
    },
    "41.sql": {
        "actual": 512575801,
        "estimated": 221133000,
        "estimation diff": "-291442801",
        "q-error": 2.317952548918524
    },
    "42.sql": {
        "actual": 206778521,
        "estimated": 77061100,
        "estimation diff": "-129717421",
        "q-error": 2.6833061168345638
    },
    "43.sql": {
        "actual": 625302823,
        "estimated": 281968000,
        "estimation diff": "-343334823",
        "q-error": 2.2176375439766214
    },
    "44.sql": {
        "actual": 7796926,
        "estimated": 9003640,
        "estimation diff": "+1206714",
        "q-error": 1.1547679175100547
    },
    "45.sql": {
        "actual": 1831108,
        "estimated": 4393860,
        "estimation diff": "+2562752",
        "q-error": 2.3995635429477673
    },
    "46.sql": {
        "actual": 2936093,
        "estimated": 20170700,
        "estimation diff": "+17234607",
        "q-error": 6.869911818188321
    },
    "47.sql": {
        "actual": 16461908,
        "estimated": 77906400,
        "estimation diff": "+61444492",
        "q-error": 4.732525537137008
    },
    "48.sql": {
        "actual": 24675801,
        "estimated": 18349700,
        "estimation diff": "-6326101",
        "q-error": 1.3447522847784978
    },
    "49.sql": {
        "actual": 132317651,
        "estimated": 135411000,
        "estimation diff": "+3093349",
        "q-error": 1.0233782037137282
    },
    "50.sql": {
        "actual": 90649862,
        "estimated": 72940400,
        "estimation diff": "-17709462",
        "q-error": 1.2427935958673109
    },
    "51.sql": {
        "actual": 151179813,
        "estimated": 30513300,
        "estimation diff": "-120666513",
        "q-error": 4.954554669603091
    },
    "52.sql": {
        "actual": 84217062,
        "estimated": 23618000,