{
    "10_1_fixed.sql": {
        "actual": 37675,
        "estimated": 18149,
        "estimation diff": "-19526",
        "q-error": 2.0758719488677064
    },
    "10_2_fixed.sql": {
        "actual": 114347,
        "estimated": 55420,
        "estimation diff": "-58927",
        "q-error": 2.0632804041862145
    },
    "10_3_fixed.sql": {
        "actual": 75599,
        "estimated": 37700,
        "estimation diff": "-37899",
        "q-error": 2.005278514588859
    },
    "11_1_fixed.sql": {
        "actual": 30160,
        "estimated": 4706,
        "estimation diff": "-25454",
        "q-error": 6.4088397790055245
    },
    "11_2_fixed.sql": {
        "actual": 33600,
        "estimated": 4706,
        "estimation diff": "-28894",
        "q-error": 7.139821504462389
    },
    "11_3_fixed.sql": {
        "actual": 28960,
        "estimated": 4706,
        "estimation diff": "-24254",
        "q-error": 6.153846153846154
    },
    "12_1_fixed.sql": {
        "actual": 31024,
        "estimated": 29230,
        "estimation diff": "-1794",
        "q-error": 1.061375299349983
    },
    "12_2_fixed.sql": {
        "actual": 31060,
        "estimated": 29162,
        "estimation diff": "-1898",
        "q-error": 1.0650846992661682
    },
    "12_3_fixed.sql": {
        "actual": 30849,
        "estimated": 29071,
        "estimation diff": "-1778",
        "q-error": 1.0611606067902721
    },
    "13_1_fixed.sql": {
        "actual": 150000,
        "estimated": 150000,
        "estimation diff": "+0",
        "q-error": 1.0
    },
    "13_2_fixed.sql": {
        "actual": 150000,
        "estimated": 150000,
        "estimation diff": "+0",
        "q-error": 1.0
    },
    "13_3_fixed.sql": {
        "actual": 150000,
        "estimated": 150000,
        "estimation diff": "+0",
        "q-error": 1.0
    },
    "14_1_fixed.sql": {
        "actual": 74966,
        "estimated": 81206,
        "estimation diff": "+6240",
        "q-error": 1.0832377344396127
    },
    "14_2_fixed.sql": {
        "actual": 77203,
        "estimated": 83635,
        "estimation diff": "+6432",
        "q-error": 1.0833128246311672
    },
    "14_3_fixed.sql": {
        "actual": 77661,
        "estimated": 83001,
        "estimation diff": "+5340",
        "q-error": 1.0687603816587476
    },
    "16_1_fixed.sql": {
        "actual": 119852,
        "estimated": 59179,
        "estimation diff": "-60673",
        "q-error": 2.0252454417952315
    },
    "16_2_fixed.sql": {
        "actual": 119170,
        "estimated": 57398,
        "estimation diff": "-61772",
        "q-error": 2.0762047458099584
    },
    "16_3_fixed.sql": {
        "actual": 119083,
        "estimated": 58330,
        "estimation diff": "-60753",
        "q-error": 2.0415395165438026
    },
    "18_1_fixed.sql": {
        "actual": 63,
        "estimated": 517474,
        "estimation diff": "+517411",
        "q-error": 8213.873015873016
    },
    "18_2_fixed.sql": {
        "actual": 63,
        "estimated": 517474,
        "estimation diff": "+517411",
        "q-error": 8213.873015873016
    },
    "18_3_fixed.sql": {
        "actual": 70,
        "estimated": 517474,
        "estimation diff": "+517404",
        "q-error": 7392.4857142857145
    },
    "19_1_fixed.sql": {
        "actual": 136,
        "estimated": 116,
        "estimation diff": "-20",
        "q-error": 1.1724137931034482
    },
    "19_2_fixed.sql": {
        "actual": 120,
        "estimated": 117,
        "estimation diff": "-3",
        "q-error": 1.0256410256410255
    },
    "19_3_fixed.sql": {
        "actual": 115,
        "estimated": 117,
        "estimation diff": "+2",
        "q-error": 1.017391304347826
    },
    "1_1_fixed.sql": {
        "actual": 5934362,
        "estimated": 5930930,
        "estimation diff": "-3432",
        "q-error": 1.0005786613566507
    },
    "1_2_fixed.sql": {
        "actual": 5616427,
        "estimated": 5615612,
        "estimation diff": "-815",
        "q-error": 1.0001451311094856
    },
    "1_3_fixed.sql": {
        "actual": 5894737,
        "estimated": 5891979,
        "estimation diff": "-2758",
        "q-error": 1.0004680939969406
    },
    "2_1_fixed.sql": {
        "actual": 496,
        "estimated": 1,
        "estimation diff": "-495",
        "q-error": 496.0
    },
    "2_2_fixed.sql": {
        "actual": 477,
        "estimated": 1,
        "estimation diff": "-476",
        "q-error": 477.0
    },
    "2_3_fixed.sql": {
        "actual": 482,
        "estimated": 1,
        "estimation diff": "-481",
        "q-error": 482.0
    },
    "3_1_fixed.sql": {
        "actual": 30285,
        "estimated": 314989,
        "estimation diff": "+284704",
        "q-error": 10.400825491167245
    },
    "3_2_fixed.sql": {
        "actual": 29979,
        "estimated": 308322,
        "estimation diff": "+278343",
        "q-error": 10.284599219453618
    },
    "3_3_fixed.sql": {
        "actual": 30656,
        "estimated": 312267,
        "estimation diff": "+281611",
        "q-error": 10.1861625782881
    },
    "4_1_fixed.sql": {
        "actual": 52795,
        "estimated": 14115,
        "estimation diff": "-38680",
        "q-error": 3.7403471484236626
    },
    "4_2_fixed.sql": {
        "actual": 34570,
        "estimated": 9908,
        "estimation diff": "-24662",
        "q-error": 3.4890997174000806
    },
    "4_3_fixed.sql": {
        "actual": 35235,
        "estimated": 9835,
        "estimation diff": "-25400",
        "q-error": 3.5826131164209456
    },
    "5_1_fixed.sql": {
        "actual": 7540,
        "estimated": 210,
        "estimation diff": "-7330",
        "q-error": 35.904761904761905
    },
    "5_2_fixed.sql": {
        "actual": 14457,
        "estimated": 416,
        "estimation diff": "-14041",
        "q-error": 34.75240384615385
    },
    "5_3_fixed.sql": {
        "actual": 7266,
        "estimated": 206,
        "estimation diff": "-7060",
        "q-error": 35.271844660194176
    },
    "6_1_fixed.sql": {
        "actual": 119208,
        "estimated": 121533,
        "estimation diff": "+2325",
        "q-error": 1.0195037245822427
    },
    "6_2_fixed.sql": {
        "actual": 113818,
        "estimated": 115034,
        "estimation diff": "+1216",
        "q-error": 1.0106837231369379
    },
    "6_3_fixed.sql": {
        "actual": 151096,
        "estimated": 155705,
        "estimation diff": "+4609",
        "q-error": 1.0305037856726849
    }
}